{"cameraMode":{"drawMode":0,"name":"Shaded","section":"Shading Mode"},"sceneLighting":false,"audioPlay":false,"sceneViewState":{"showFog":true,"showMaterialUpdate":false,"showSkybox":false,"showFlares":true,"showImageEffects":true,"showParticleSystems":true},"in2DMode":false,"pivot":{"x":10.39220142364502,"y":-5.4331769943237309,"z":-1.1392914056777955},"rotation":{"x":-0.26259347796440127,"y":0.7503480911254883,"z":-0.583350658416748,"w":-0.19360582530498506},"size":10.0,"orthographic":true}